"Category","URL","Name","Status","Expected","Redirect","TimeMs","ContentType","BodyLength"
"Root","https://nekotab.app/","Homepage","200","200","","1647","text/html; charset=utf-8","55190"
"Root","https://nekotab.app/start/","Blank site start","TIMEOUT/ERROR","200","Operation is not valid due to the current state of the object.","307","","0"
"Root","https://nekotab.app/style/","Style guide","200","200","","498","text/html; charset=utf-8","31033"
"Root","https://nekotab.app/create/","Create tournament","TIMEOUT/ERROR","200 or 302","Operation is not valid due to the current state of the object.","258","","0"
"Root","https://nekotab.app/create/ie/","Create IE tournament","TIMEOUT/ERROR","200 or 302","Operation is not valid due to the current state of the object.","257","","0"
"Root","https://nekotab.app/create/congress/","Create congress tournament","TIMEOUT/ERROR","200 or 302","Operation is not valid due to the current state of the object.","256","","0"
"Root","https://nekotab.app/register/tournament/","Register + create tournament","TIMEOUT/ERROR","200","Operation is not valid due to the current state of the object.","255","","0"
"Root","https://nekotab.app/register/organization/","Register + create org","TIMEOUT/ERROR","200","Operation is not valid due to the current state of the object.","254","","0"
"Root","https://nekotab.app/for-organizers/","Marketing page","200","200","","325","text/html; charset=utf-8","21250"
"Root","https://nekotab.app/free-debate-tab-software/","SEO page","200","200","","321","text/html; charset=utf-8","21051"
"Root","https://nekotab.app/bp-debate-tabulation/","SEO page","200","200","","356","text/html; charset=utf-8","20753"
"Root","https://nekotab.app/tabroom-alternative/","SEO page","200","200","","408","text/html; charset=utf-8","20789"
"Root","https://nekotab.app/sitemap.xml","Sitemap","200","200 XML","","325","application/xml","4020"
"Root","https://nekotab.app/robots.txt","Robots","200","200 text","","325","text/plain","819"
"Root","https://nekotab.app/ads.txt","Ads","200","200 text","","313","text/plain","59"
"Root","https://nekotab.app/googlee0a2b1e83278e880.html","Verification 1","200","200","","322","text/html; charset=utf-8","54"
"Root","https://nekotab.app/google4a7d5456478d704b.html","Verification 2","200","200","","313","text/html; charset=utf-8","53"
"Root","https://nekotab.app/api/","API root","500","200 JSON",,"314","","0"
"Root","https://nekotab.app/api/v1/","API v1 root","404","200 JSON",,"291","","0"
"Root","https://nekotab.app/api/schema/","OpenAPI schema","404","200",,"317","","0"
"Root","https://nekotab.app/api/schema/redoc/","API docs","200","200","","435","text/html; charset=utf-8","730"
"Auth","https://nekotab.app/accounts/login/","Login","200","200","","443","text/html; charset=utf-8","17669"
"Auth","https://nekotab.app/accounts/signup/","Signup","200","200","","408","text/html; charset=utf-8","22601"
"Auth","https://nekotab.app/accounts/password_reset/","Password Reset","200","200","","345","text/html; charset=utf-8","17110"
"Auth","https://nekotab.app/accounts/password_reset/done/","Password Reset Done","200","200","","354","text/html; charset=utf-8","16770"
"Auth","https://nekotab.app/accounts/logout/","Logout","405","302",,"247","","0"
"Global","https://nekotab.app/forum/","Forum home","200","200","","338","text/html; charset=utf-8","22421"
"Global","https://nekotab.app/motions-bank/","Motion Bank home","200","200","","464","text/html; charset=utf-8","21065"
"Global","https://nekotab.app/motions-bank/doctor/","Motion Doctor","200","200","","342","text/html; charset=utf-8","19789"
"Global","https://nekotab.app/passport/","Passport directory","200","200","","347","text/html; charset=utf-8","19787"
"Global","https://nekotab.app/organizations/","Org list","TIMEOUT/ERROR","200 or 302","Operation is not valid due to the current state of the object.","257","","0"
"Global","https://nekotab.app/campaigns/","Campaign list","TIMEOUT/ERROR","200 or 302","Operation is not valid due to the current state of the object.","267","","0"
"Global","https://nekotab.app/analytics/","Analytics dashboard","TIMEOUT/ERROR","200 or 302/403","Operation is not valid due to the current state of the object.","267","","0"
"Global","https://nekotab.app/notifications/status/","Email status","404","200 or 302",,"388","","0"
"TourneyPublic-Path","https://nekotab.app/dc-2026/","Tournament homepage","TIMEOUT/ERROR","200","Operation is not valid due to the current state of the object.","271","","0"
"TourneyPublic-Path","https://nekotab.app/dc-2026/schedule/","Public schedule","TIMEOUT/ERROR","200","Operation is not valid due to the current state of the object.","251","","0"
"TourneyPublic-Path","https://nekotab.app/dc-2026/draw/","Current round draw","TIMEOUT/ERROR","200","Operation is not valid due to the current state of the object.","315","","0"
"TourneyPublic-Path","https://nekotab.app/dc-2026/draw/round/1/","Draw for round 1","TIMEOUT/ERROR","200","Operation is not valid due to the current state of the object.","279","","0"
"TourneyPublic-Path","https://nekotab.app/dc-2026/draw/sides/","Side allocations","TIMEOUT/ERROR","200","Operation is not valid due to the current state of the object.","254","","0"
"TourneyPublic-Path","https://nekotab.app/dc-2026/results/","Public results index","TIMEOUT/ERROR","200","Operation is not valid due to the current state of the object.","278","","0"
"TourneyPublic-Path","https://nekotab.app/dc-2026/results/round/1/","Results for round 1","TIMEOUT/ERROR","200","Operation is not valid due to the current state of the object.","260","","0"
"TourneyPublic-Path","https://nekotab.app/dc-2026/motions/","Released motions","TIMEOUT/ERROR","200","Operation is not valid due to the current state of the object.","266","","0"
"TourneyPublic-Path","https://nekotab.app/dc-2026/motions/statistics/","Motion statistics","TIMEOUT/ERROR","200","Operation is not valid due to the current state of the object.","268","","0"
"TourneyPublic-Path","https://nekotab.app/dc-2026/participants/list/","Participant list","TIMEOUT/ERROR","200","Operation is not valid due to the current state of the object.","277","","0"
"TourneyPublic-Path","https://nekotab.app/dc-2026/participants/institutions/","Institution list","TIMEOUT/ERROR","200","Operation is not valid due to the current state of the object.","273","","0"
"TourneyPublic-Path","https://nekotab.app/dc-2026/participants/team/1/","Team record pk=1","TIMEOUT/ERROR","200 or 404","Operation is not valid due to the current state of the object.","254","","0"
"TourneyPublic-Path","https://nekotab.app/dc-2026/participants/adjudicator/1/","Adj record pk=1","TIMEOUT/ERROR","200 or 404","Operation is not valid due to the current state of the object.","273","","0"
"TourneyPublic-Path","https://nekotab.app/dc-2026/standings/current-standings/","Current team standings","TIMEOUT/ERROR","200","Operation is not valid due to the current state of the object.","254","","0"
"TourneyPublic-Path","https://nekotab.app/dc-2026/standings/team/","Team tab","TIMEOUT/ERROR","200","Operation is not valid due to the current state of the object.","273","","0"
"TourneyPublic-Path","https://nekotab.app/dc-2026/standings/speaker/","Speaker tab","TIMEOUT/ERROR","200","Operation is not valid due to the current state of the object.","251","","0"
"TourneyPublic-Path","https://nekotab.app/dc-2026/standings/replies/","Reply tab","TIMEOUT/ERROR","200","Operation is not valid due to the current state of the object.","252","","0"
"TourneyPublic-Path","https://nekotab.app/dc-2026/standings/adjudicators/","Adj tab","TIMEOUT/ERROR","200","Operation is not valid due to the current state of the object.","251","","0"
"TourneyPublic-Path","https://nekotab.app/dc-2026/standings/diversity/","Diversity stats","TIMEOUT/ERROR","200","Operation is not valid due to the current state of the object.","253","","0"
"TourneyPublic-Path","https://nekotab.app/dc-2026/break/","Break index","TIMEOUT/ERROR","200","Operation is not valid due to the current state of the object.","255","","0"
"TourneyPublic-Path","https://nekotab.app/dc-2026/break/adjudicators/","Breaking adjs","TIMEOUT/ERROR","200","Operation is not valid due to the current state of the object.","253","","0"
"TourneyPublic-Path","https://nekotab.app/dc-2026/feedback/progress/","Feedback progress","TIMEOUT/ERROR","200","Operation is not valid due to the current state of the object.","254","","0"
"TourneyPublic-Path","https://nekotab.app/dc-2026/checkins/status/people/","Check-in status","TIMEOUT/ERROR","200","Operation is not valid due to the current state of the object.","252","","0"
"TourneyPublic-Path","https://nekotab.app/dc-2026/registration/","Registration landing","404","200",,"302","","0"
"TourneyPublic-Subdomain","https://dc-2026.nekotab.app/","Tournament homepage [subdomain]","200","200","","1721","text/html; charset=utf-8","41246"
"TourneyPublic-Subdomain","https://dc-2026.nekotab.app/schedule/","Public schedule [subdomain]","403","200",,"307","","0"
"TourneyPublic-Subdomain","https://dc-2026.nekotab.app/draw/","Current round draw [subdomain]","403","200",,"1059","","0"
"TourneyPublic-Subdomain","https://dc-2026.nekotab.app/draw/round/1/","Draw for round 1 [subdomain]","403","200",,"1070","","0"
"TourneyPublic-Subdomain","https://dc-2026.nekotab.app/draw/sides/","Side allocations [subdomain]","403","200",,"1524","","0"
"TourneyPublic-Subdomain","https://dc-2026.nekotab.app/results/","Public results index [subdomain]","403","200",,"1081","","0"
"TourneyPublic-Subdomain","https://dc-2026.nekotab.app/results/round/1/","Results for round 1 [subdomain]","403","200",,"1057","","0"
"TourneyPublic-Subdomain","https://dc-2026.nekotab.app/motions/","Released motions [subdomain]","403","200",,"1014","","0"
"TourneyPublic-Subdomain","https://dc-2026.nekotab.app/motions/statistics/","Motion statistics [subdomain]","403","200",,"1094","","0"
"TourneyPublic-Subdomain","https://dc-2026.nekotab.app/participants/list/","Participant list [subdomain]","403","200",,"1124","","0"
"TourneyPublic-Subdomain","https://dc-2026.nekotab.app/participants/institutions/","Institution list [subdomain]","403","200",,"993","","0"
"TourneyPublic-Subdomain","https://dc-2026.nekotab.app/participants/team/1/","Team record pk=1 [subdomain]","404","200 or 404",,"1017","","0"
"TourneyPublic-Subdomain","https://dc-2026.nekotab.app/participants/adjudicator/1/","Adj record pk=1 [subdomain]","404","200 or 404",,"292","","0"
"TourneyPublic-Subdomain","https://dc-2026.nekotab.app/standings/current-standings/","Current team standings [subdomain]","403","200",,"276","","0"
"TourneyPublic-Subdomain","https://dc-2026.nekotab.app/standings/team/","Team tab [subdomain]","403","200",,"1079","","0"
"TourneyPublic-Subdomain","https://dc-2026.nekotab.app/standings/speaker/","Speaker tab [subdomain]","403","200",,"1100","","0"
"TourneyPublic-Subdomain","https://dc-2026.nekotab.app/standings/replies/","Reply tab [subdomain]","403","200",,"1042","","0"
"TourneyPublic-Subdomain","https://dc-2026.nekotab.app/standings/adjudicators/","Adj tab [subdomain]","403","200",,"974","","0"
"TourneyPublic-Subdomain","https://dc-2026.nekotab.app/standings/diversity/","Diversity stats [subdomain]","403","200",,"1345","","0"
"TourneyPublic-Subdomain","https://dc-2026.nekotab.app/break/","Break index [subdomain]","403","200",,"990","","0"
"TourneyPublic-Subdomain","https://dc-2026.nekotab.app/break/adjudicators/","Breaking adjs [subdomain]","403","200",,"1069","","0"
"TourneyPublic-Subdomain","https://dc-2026.nekotab.app/feedback/progress/","Feedback progress [subdomain]","403","200",,"1011","","0"
"TourneyPublic-Subdomain","https://dc-2026.nekotab.app/checkins/status/people/","Check-in status [subdomain]","403","200",,"996","","0"
"TourneyPublic-Subdomain","https://dc-2026.nekotab.app/registration/","Registration landing [subdomain]","404","200",,"1013","","0"
"CongressPublic","https://nekotab.app/dc-2026/congress/standings/","Public standings","TIMEOUT/ERROR","200","Operation is not valid due to the current state of the object.","251","","0"
"CongressPublic","https://nekotab.app/dc-2026/congress/student/session/1/","Student session view","TIMEOUT/ERROR","200 or 404","Operation is not valid due to the current state of the object.","252","","0"
"IEPublic","https://nekotab.app/dc-2026/ie/","Public IE dashboard","TIMEOUT/ERROR","200","Operation is not valid due to the current state of the object.","252","","0"
"IEPublic","https://nekotab.app/dc-2026/ie/1/standings/","IE event standings","TIMEOUT/ERROR","200 or 404","Operation is not valid due to the current state of the object.","257","","0"
"Admin","https://nekotab.app/dc-2026/admin/","Admin home","TIMEOUT/ERROR","200 or 302","Operation is not valid due to the current state of the object.","253","","0"
"Admin","https://nekotab.app/dc-2026/admin/configure/","Tournament config","TIMEOUT/ERROR","200 or 302","Operation is not valid due to the current state of the object.","251","","0"
"Admin","https://nekotab.app/dc-2026/admin/options/","Options index","TIMEOUT/ERROR","200 or 302","Operation is not valid due to the current state of the object.","302","","0"
"Admin","https://nekotab.app/dc-2026/admin/participants/list/","Admin participant list","TIMEOUT/ERROR","200 or 302","Operation is not valid due to the current state of the object.","297","","0"
"Admin","https://nekotab.app/dc-2026/admin/participants/institutions/","Admin institutions","TIMEOUT/ERROR","200 or 302","Operation is not valid due to the current state of the object.","286","","0"
"Admin","https://nekotab.app/dc-2026/admin/participants/code-names/","Code names","TIMEOUT/ERROR","200 or 302","Operation is not valid due to the current state of the object.","267","","0"
"Admin","https://nekotab.app/dc-2026/admin/participants/eligibility/","Speaker eligibility","TIMEOUT/ERROR","200 or 302","Operation is not valid due to the current state of the object.","255","","0"
"Admin","https://nekotab.app/dc-2026/admin/participants/team/1/","Admin team record","TIMEOUT/ERROR","200 or 302","Operation is not valid due to the current state of the object.","257","","0"
"Admin","https://nekotab.app/dc-2026/admin/participants/adjudicator/1/","Admin adj record","TIMEOUT/ERROR","200 or 302","Operation is not valid due to the current state of the object.","262","","0"
"Admin","https://nekotab.app/dc-2026/admin/import/simple/","Simple importer","TIMEOUT/ERROR","200 or 302","Operation is not valid due to the current state of the object.","267","","0"
"Admin","https://nekotab.app/dc-2026/admin/import/export/","Export page","TIMEOUT/ERROR","200 or 302","Operation is not valid due to the current state of the object.","256","","0"
"Admin","https://nekotab.app/dc-2026/admin/privateurls/","Private URLs list","TIMEOUT/ERROR","200 or 302","Operation is not valid due to the current state of the object.","284","","0"
"Admin","https://nekotab.app/dc-2026/admin/availability/round/1/","Availability for R1","TIMEOUT/ERROR","200 or 302","Operation is not valid due to the current state of the object.","253","","0"
"Admin","https://nekotab.app/dc-2026/admin/availability/round/1/adjudicators/","Adj availability","TIMEOUT/ERROR","200 or 302","Operation is not valid due to the current state of the object.","265","","0"
"Admin","https://nekotab.app/dc-2026/admin/availability/round/1/teams/","Team availability","TIMEOUT/ERROR","200 or 302","Operation is not valid due to the current state of the object.","258","","0"
"Admin","https://nekotab.app/dc-2026/admin/availability/round/1/venues/","Venue availability","TIMEOUT/ERROR","200 or 302","Operation is not valid due to the current state of the object.","267","","0"
"Admin","https://nekotab.app/dc-2026/admin/draw/round/1/","Admin draw for R1","TIMEOUT/ERROR","200 or 302","Operation is not valid due to the current state of the object.","258","","0"
"Admin","https://nekotab.app/dc-2026/admin/draw/round/1/details/","Draw details","TIMEOUT/ERROR","200 or 302","Operation is not valid due to the current state of the object.","275","","0"
"Admin","https://nekotab.app/dc-2026/admin/draw/round/1/position-balance/","Position balance","TIMEOUT/ERROR","200 or 302","Operation is not valid due to the current state of the object.","273","","0"
"Admin","https://nekotab.app/dc-2026/admin/draw/round/1/display/","Draw display","TIMEOUT/ERROR","200 or 302","Operation is not valid due to the current state of the object.","267","","0"
"Admin","https://nekotab.app/dc-2026/admin/draw/round/current/display-by-venue/","Current draw by venue","TIMEOUT/ERROR","200 or 302","Operation is not valid due to the current state of the object.","271","","0"
"Admin","https://nekotab.app/dc-2026/admin/draw/round/current/display-by-team/","Current draw by team","TIMEOUT/ERROR","200 or 302","Operation is not valid due to the current state of the object.","275","","0"
"Admin","https://nekotab.app/dc-2026/admin/draw/sides/","Side allocations","TIMEOUT/ERROR","200 or 302","Operation is not valid due to the current state of the object.","268","","0"
"Admin","https://nekotab.app/dc-2026/admin/results/round/1/","Admin results for R1","TIMEOUT/ERROR","200 or 302","Operation is not valid due to the current state of the object.","252","","0"
"Admin","https://nekotab.app/dc-2026/admin/motions/round/1/edit/","Edit motions R1","TIMEOUT/ERROR","200 or 302","Operation is not valid due to the current state of the object.","253","","0"
"Admin","https://nekotab.app/dc-2026/admin/motions/round/1/display/","Display motions R1","TIMEOUT/ERROR","200 or 302","Operation is not valid due to the current state of the object.","260","","0"
"Admin","https://nekotab.app/dc-2026/admin/motions/statistics/","Motion stats","TIMEOUT/ERROR","200 or 302","Operation is not valid due to the current state of the object.","250","","0"
"Admin","https://nekotab.app/dc-2026/admin/feedback/","Feedback overview","TIMEOUT/ERROR","200 or 302","Operation is not valid due to the current state of the object.","250","","0"
"Admin","https://nekotab.app/dc-2026/admin/feedback/progress/","Feedback progress","TIMEOUT/ERROR","200 or 302","Operation is not valid due to the current state of the object.","255","","0"
"Admin","https://nekotab.app/dc-2026/admin/feedback/latest/","Latest feedback","TIMEOUT/ERROR","200 or 302","Operation is not valid due to the current state of the object.","256","","0"
"Admin","https://nekotab.app/dc-2026/admin/feedback/important/","Important feedback","404","200 or 302",,"649","","0"
"Admin","https://nekotab.app/dc-2026/admin/feedback/comments/","Feedback comments","TIMEOUT/ERROR","200 or 302","Operation is not valid due to the current state of the object.","253","","0"
"Admin","https://nekotab.app/dc-2026/admin/feedback/source/list/","By source","TIMEOUT/ERROR","200 or 302","Operation is not valid due to the current state of the object.","263","","0"
"Admin","https://nekotab.app/dc-2026/admin/feedback/target/list/","By target","TIMEOUT/ERROR","200 or 302","Operation is not valid due to the current state of the object.","264","","0"
"Admin","https://nekotab.app/dc-2026/admin/feedback/add/","Add feedback index","TIMEOUT/ERROR","200 or 302","Operation is not valid due to the current state of the object.","261","","0"
"Admin","https://nekotab.app/dc-2026/admin/standings/round/1/","Admin standings R1","TIMEOUT/ERROR","200 or 302","Operation is not valid due to the current state of the object.","261","","0"
"Admin","https://nekotab.app/dc-2026/admin/standings/round/1/team/","Team standings R1","TIMEOUT/ERROR","200 or 302","Operation is not valid due to the current state of the object.","266","","0"
"Admin","https://nekotab.app/dc-2026/admin/standings/round/1/speaker/","Speaker standings R1","TIMEOUT/ERROR","200 or 302","Operation is not valid due to the current state of the object.","258","","0"
"Admin","https://nekotab.app/dc-2026/admin/standings/round/1/reply/","Reply standings R1","TIMEOUT/ERROR","200 or 302","Operation is not valid due to the current state of the object.","279","","0"
"Admin","https://nekotab.app/dc-2026/admin/standings/round/1/diversity/","Diversity R1","TIMEOUT/ERROR","200 or 302","Operation is not valid due to the current state of the object.","271","","0"
"Admin","https://nekotab.app/dc-2026/admin/break/","Break index","TIMEOUT/ERROR","200 or 302","Operation is not valid due to the current state of the object.","257","","0"
"Admin","https://nekotab.app/dc-2026/admin/break/adjudicators/","Breaking adjs","TIMEOUT/ERROR","200 or 302","Operation is not valid due to the current state of the object.","255","","0"
"Admin","https://nekotab.app/dc-2026/admin/break/eligibility/","Break eligibility","TIMEOUT/ERROR","200 or 302","Operation is not valid due to the current state of the object.","254","","0"
"Admin","https://nekotab.app/dc-2026/admin/checkins/prescan/","Check-in scanner","TIMEOUT/ERROR","200 or 302","Operation is not valid due to the current state of the object.","258","","0"
"Admin","https://nekotab.app/dc-2026/admin/checkins/status/people/","People check-in status","TIMEOUT/ERROR","200 or 302","Operation is not valid due to the current state of the object.","255","","0"
"Admin","https://nekotab.app/dc-2026/admin/checkins/status/venues/","Venue check-in status","TIMEOUT/ERROR","200 or 302","Operation is not valid due to the current state of the object.","256","","0"
"Admin","https://nekotab.app/dc-2026/admin/checkins/identifiers/","Check-in identifiers","TIMEOUT/ERROR","200 or 302","Operation is not valid due to the current state of the object.","274","","0"
"Admin","https://nekotab.app/dc-2026/admin/allocations/conflicts/adjudicator-team/","Adj-team conflicts","TIMEOUT/ERROR","200 or 302","Operation is not valid due to the current state of the object.","260","","0"
"Admin","https://nekotab.app/dc-2026/admin/allocations/conflicts/adjudicator-adjudicator/","Adj-adj conflicts","TIMEOUT/ERROR","200 or 302","Operation is not valid due to the current state of the object.","255","","0"
"Admin","https://nekotab.app/dc-2026/admin/allocations/conflicts/adjudicator-institution/","Adj-inst conflicts","TIMEOUT/ERROR","200 or 302","Operation is not valid due to the current state of the object.","255","","0"
"Admin","https://nekotab.app/dc-2026/admin/allocations/conflicts/team-institution/","Team-inst conflicts","TIMEOUT/ERROR","200 or 302","Operation is not valid due to the current state of the object.","257","","0"
"Admin","https://nekotab.app/dc-2026/admin/allocations/panels/edit/","Panel editor","TIMEOUT/ERROR","200 or 302","Operation is not valid due to the current state of the object.","287","","0"
"Admin","https://nekotab.app/dc-2026/admin/printing/round/1/scoresheets/","Print scoresheets","TIMEOUT/ERROR","200 or 302","Operation is not valid due to the current state of the object.","254","","0"
"Admin","https://nekotab.app/dc-2026/admin/printing/round/1/feedback/","Print feedback","TIMEOUT/ERROR","200 or 302","Operation is not valid due to the current state of the object.","254","","0"
"Admin","https://nekotab.app/dc-2026/admin/printing/urls_sheets/teams/","Print team URLs","404","200 or 302",,"322","","0"
"Admin","https://nekotab.app/dc-2026/admin/printing/urls_sheets/adjudicators/","Print adj URLs","404","200 or 302",,"561","","0"
"Admin","https://nekotab.app/dc-2026/admin/users/","Admin user management","404","200 or 302",,"285","","0"
"Admin","https://nekotab.app/dc-2026/admin/notifications/","Admin notifications","TIMEOUT/ERROR","200 or 302","Operation is not valid due to the current state of the object.","254","","0"
"Admin","https://nekotab.app/dc-2026/admin/registration/institutions/","Reg institutions","TIMEOUT/ERROR","200 or 302","Operation is not valid due to the current state of the object.","259","","0"
"Admin","https://nekotab.app/dc-2026/admin/registration/teams/","Reg teams","TIMEOUT/ERROR","200 or 302","Operation is not valid due to the current state of the object.","251","","0"
"Admin","https://nekotab.app/dc-2026/admin/registration/adjudicators/","Reg adjudicators","TIMEOUT/ERROR","200 or 302","Operation is not valid due to the current state of the object.","252","","0"
"CongressAdmin","https://nekotab.app/dc-2026/admin/congress/","Congress dashboard","TIMEOUT/ERROR","200 or 302","Operation is not valid due to the current state of the object.","255","","0"
"CongressAdmin","https://nekotab.app/dc-2026/admin/congress/setup/","Congress setup wizard","TIMEOUT/ERROR","200 or 302","Operation is not valid due to the current state of the object.","501","","0"
"CongressAdmin","https://nekotab.app/dc-2026/admin/congress/docket/","Docket manager","TIMEOUT/ERROR","200 or 302","Operation is not valid due to the current state of the object.","280","","0"
"CongressAdmin","https://nekotab.app/dc-2026/admin/congress/chambers/","Chamber manager","TIMEOUT/ERROR","200 or 302","Operation is not valid due to the current state of the object.","263","","0"
"CongressAdmin","https://nekotab.app/dc-2026/admin/congress/session/1/","Session view","TIMEOUT/ERROR","200 or 302","Operation is not valid due to the current state of the object.","261","","0"
"CongressAdmin","https://nekotab.app/dc-2026/admin/congress/session/1/scorer/","Scorer view","TIMEOUT/ERROR","200 or 302","Operation is not valid due to the current state of the object.","252","","0"
"CongressAdmin","https://nekotab.app/dc-2026/admin/congress/standings/","Admin standings","TIMEOUT/ERROR","200 or 302","Operation is not valid due to the current state of the object.","255","","0"
"CongressAdmin","https://nekotab.app/dc-2026/admin/congress/session/1/po/","PO view","TIMEOUT/ERROR","200 or 302","Operation is not valid due to the current state of the object.","254","","0"
"IEAdmin","https://nekotab.app/dc-2026/admin/ie/","IE dashboard","TIMEOUT/ERROR","200 or 302","Operation is not valid due to the current state of the object.","254","","0"
"IEAdmin","https://nekotab.app/dc-2026/admin/ie/setup/","IE setup wizard","TIMEOUT/ERROR","200 or 302","Operation is not valid due to the current state of the object.","262","","0"
"IEAdmin","https://nekotab.app/dc-2026/admin/ie/prep/","Tournament prep","TIMEOUT/ERROR","200 or 302","Operation is not valid due to the current state of the object.","269","","0"
"IEAdmin","https://nekotab.app/dc-2026/admin/ie/prep/all/","All prep data","TIMEOUT/ERROR","200 or 302","Operation is not valid due to the current state of the object.","276","","0"
"IEAdmin","https://nekotab.app/dc-2026/admin/ie/prep/institutions/","Prep institutions","TIMEOUT/ERROR","200 or 302","Operation is not valid due to the current state of the object.","266","","0"
"IEAdmin","https://nekotab.app/dc-2026/admin/ie/prep/speakers/","Prep speakers","TIMEOUT/ERROR","200 or 302","Operation is not valid due to the current state of the object.","266","","0"
"IEAdmin","https://nekotab.app/dc-2026/admin/ie/prep/judges/","Prep judges","TIMEOUT/ERROR","200 or 302","Operation is not valid due to the current state of the object.","266","","0"
"IEAdmin","https://nekotab.app/dc-2026/admin/ie/1/entries/","Entry manager","TIMEOUT/ERROR","200 or 302","Operation is not valid due to the current state of the object.","255","","0"
"IEAdmin","https://nekotab.app/dc-2026/admin/ie/1/draw/1/","Room draw","TIMEOUT/ERROR","200 or 302","Operation is not valid due to the current state of the object.","273","","0"
"IEAdmin","https://nekotab.app/dc-2026/admin/ie/1/standings/","IE standings","TIMEOUT/ERROR","200 or 302","Operation is not valid due to the current state of the object.","265","","0"
"IEAdmin","https://nekotab.app/dc-2026/admin/ie/1/finalists/","Finalists","TIMEOUT/ERROR","200 or 302","Operation is not valid due to the current state of the object.","275","","0"
"IEAdmin","https://nekotab.app/dc-2026/admin/ie/1/judge-links/1/page/","Judge links page","TIMEOUT/ERROR","200 or 302","Operation is not valid due to the current state of the object.","265","","0"
"Assistant","https://nekotab.app/dc-2026/assistant/","Assistant home","TIMEOUT/ERROR","200 or 302","Operation is not valid due to the current state of the object.","252","","0"
"Assistant","https://nekotab.app/dc-2026/assistant/draw/display/","Draw display","TIMEOUT/ERROR","200 or 302","Operation is not valid due to the current state of the object.","262","","0"
"Assistant","https://nekotab.app/dc-2026/assistant/results/","Results list","TIMEOUT/ERROR","200 or 302","Operation is not valid due to the current state of the object.","277","","0"
"Assistant","https://nekotab.app/dc-2026/assistant/feedback/add/","Add feedback","TIMEOUT/ERROR","200 or 302","Operation is not valid due to the current state of the object.","275","","0"
"Assistant","https://nekotab.app/dc-2026/assistant/checkins/prescan/","Check-in scan","TIMEOUT/ERROR","200 or 302","Operation is not valid due to the current state of the object.","264","","0"
"Assistant","https://nekotab.app/dc-2026/assistant/checkins/status/people/","Check-in status","TIMEOUT/ERROR","200 or 302","Operation is not valid due to the current state of the object.","268","","0"
"Assistant","https://nekotab.app/dc-2026/assistant/checkins/status/venues/","Venue status","TIMEOUT/ERROR","200 or 302","Operation is not valid due to the current state of the object.","264","","0"
"Assistant","https://nekotab.app/dc-2026/assistant/participants/list/","Participant list","TIMEOUT/ERROR","200 or 302","Operation is not valid due to the current state of the object.","265","","0"
"Assistant","https://nekotab.app/dc-2026/assistant/participants/institutions/","Institutions","TIMEOUT/ERROR","200 or 302","Operation is not valid due to the current state of the object.","253","","0"
"Assistant","https://nekotab.app/dc-2026/assistant/motions/display/","Motions display","TIMEOUT/ERROR","200 or 302","Operation is not valid due to the current state of the object.","269","","0"
"Assistant","https://nekotab.app/dc-2026/assistant/printing/scoresheets/","Print scoresheets","TIMEOUT/ERROR","200 or 302","Operation is not valid due to the current state of the object.","254","","0"
"Assistant","https://nekotab.app/dc-2026/assistant/printing/feedback/","Print feedback","TIMEOUT/ERROR","200 or 302","Operation is not valid due to the current state of the object.","270","","0"
"API","https://nekotab.app/api/v1/institutions","Institutions list","401","200 JSON",,"246","","0"
"API","https://nekotab.app/api/v1/users","Users list","401","200 or 401",,"248","","0"
"API","https://nekotab.app/api/v1/users/me","Current user","401","200 or 401",,"244","","0"
"API","https://nekotab.app/api/v1/tournaments/dc-2026/","Tournament detail","404","200 JSON",,"294","","0"
"API","https://nekotab.app/api/v1/tournaments/dc-2026/teams","Teams","401","200 JSON",,"345","","0"
"API","https://nekotab.app/api/v1/tournaments/dc-2026/adjudicators","Adjudicators","401","200 JSON",,"281","","0"
"API","https://nekotab.app/api/v1/tournaments/dc-2026/speakers","Speakers","401","200 JSON",,"290","","0"
"API","https://nekotab.app/api/v1/tournaments/dc-2026/venues","Venues","200","200 JSON","","306","application/json","2"
"API","https://nekotab.app/api/v1/tournaments/dc-2026/motions","Motions","401","200 JSON",,"282","","0"
"API","https://nekotab.app/api/v1/tournaments/dc-2026/rounds","Rounds","200","200 JSON","","314","application/json","1641"
"API","https://nekotab.app/api/v1/tournaments/dc-2026/rounds/1/pairings","Pairings R1","401","200 JSON",,"279","","0"
"API","https://nekotab.app/api/v1/tournaments/dc-2026/rounds/1/availabilities","Availabilities R1","401","200 JSON",,"252","","0"
"API","https://nekotab.app/api/v1/tournaments/dc-2026/feedback","Feedback","401","200 JSON",,"287","","0"
"API","https://nekotab.app/api/v1/tournaments/dc-2026/feedback-questions","Feedback questions","200","200 JSON","","323","application/json","2"
"API","https://nekotab.app/api/v1/tournaments/dc-2026/break-categories","Break categories","200","200 JSON","","338","application/json","2"
"API","https://nekotab.app/api/v1/tournaments/dc-2026/speaker-categories","Speaker categories","200","200 JSON","","302","application/json","2"
"API","https://nekotab.app/api/v1/tournaments/dc-2026/venue-categories","Venue categories","200","200 JSON","","330","application/json","2"
"API","https://nekotab.app/api/v1/tournaments/dc-2026/teams/standings","Teams standings","401","200 JSON",,"282","","0"
"API","https://nekotab.app/api/v1/tournaments/dc-2026/speakers/standings","Speakers standings","401","200 JSON",,"285","","0"
"API","https://nekotab.app/api/v1/tournaments/dc-2026/institutions","Tournament institutions","401","200 JSON",,"282","","0"
"API","https://nekotab.app/api/v1/tournaments/dc-2026/me","Tournament me","200","200 or 401","","306","application/json","132"
"Microservice","https://nekotab.app/api/ie/docs","nekospeech docs","404","200 HTML",,"245","","0"
"Microservice","https://nekotab.app/api/ie/health","nekospeech health","200","200 JSON","","263","application/json","38"
"Microservice","https://nekotab.app/api/congress/docs","nekocongress docs","404","200 HTML",,"244","","0"
"Microservice","https://nekotab.app/api/congress/health","nekocongress health","200","200 JSON","","272","application/json","40"
"SubdomainEdge","https://dc-2026.nekotab.app/","Valid subdomain","200","200","","752","text/html; charset=utf-8","41246"
"SubdomainEdge","https://nonexistent.nekotab.app/","Invalid subdomain","404","404",,"2886","","0"
"SubdomainEdge","https://admin.nekotab.app/","Reserved: admin","200","redirect or 404","","1408","text/html; charset=utf-8","55190"
"SubdomainEdge","https://www.nekotab.app/","Reserved: www","200","redirect or 200","","1729","text/html; charset=utf-8","55190"
"SubdomainEdge","https://api.nekotab.app/","Reserved: api","200","redirect or 404","","1367","text/html; charset=utf-8","55190"
"SubdomainEdge","https://dc-2026.nekotab.app/dc-2026/admin/","Double slug","404","should not double-prefix",,"283","","0"
"PathEdge","https://nekotab.app/dc-2026/admin/congress","Trailing slash missing","TIMEOUT/ERROR","301 or 200","Operation is not valid due to the current state of the object.","310","","0"
"PathEdge","https://nekotab.app/dc-2026/admin/congress/","Trailing slash present","TIMEOUT/ERROR","200 or 302","Operation is not valid due to the current state of the object.","242","","0"
"PathEdge","https://nekotab.app/dc-2026/admin/draw/round/999/","Nonexistent round","TIMEOUT/ERROR","404 not 500","Operation is not valid due to the current state of the object.","254","","0"
"PathEdge","https://nekotab.app/dc-2026/participants/team/999999/","Nonexistent team PK","TIMEOUT/ERROR","404 not 500","Operation is not valid due to the current state of the object.","250","","0"
"PathEdge","https://nekotab.app/dc-2026/participants/adjudicator/999999/","Nonexistent adj PK","TIMEOUT/ERROR","404 not 500","Operation is not valid due to the current state of the object.","248","","0"
"PathEdge","https://nekotab.app/dc-2026/admin/draw/round/0/","Zero round","TIMEOUT/ERROR","404 not 500","Operation is not valid due to the current state of the object.","248","","0"
"PathEdge","https://nekotab.app/dc-2026/admin/draw/round/-1/","Negative round","404","404 not 500",,"493","","0"
"PathEdge","https://nekotab.app/dc-2026/admin/congress/session/abc/","String where int expected","404","404 not 500",,"268","","0"
